﻿<?xml version="1.0" encoding="utf-8"?>
<DacOrigin xmlns="http://schemas.microsoft.com/sqlserver/dac/Serialization/2012/02">
  <PackageProperties>
    <Version>3.1.0.0</Version>
    <ContainsExportedData>true</ContainsExportedData>
    <StreamVersions>
      <Version StreamName="Data">2.0.0.0</Version>
      <Version StreamName="DeploymentContributors">1.0.0.0</Version>
    </StreamVersions>
  </PackageProperties>
  <Operation>
    <Identity>a93d7f29-f7a7-4c7c-b27e-fe74387cbd6d</Identity>
    <Start>2017-01-12T08:04:48.0778662+00:00</Start>
    <End>0001-01-01T00:00:00.0000000</End>
    <ProductName>Microsoft.SqlServer.Dac, Version=13.0.0.0, Culture=neutral, PublicKeyToken=b03f5f7f11d50a3a</ProductName>
    <ProductVersion>13.0.3407.1</ProductVersion>
    <ProductSchema>http://schemas.microsoft.com/sqlserver/dac/Serialization/2012/02</ProductSchema>
  </Operation>
  <Server>
    <ServerVersion>Microsoft SQL Azure (RTM) - 12.0.2000.8 
	Dec  5 2016 21:15:30 
	Copyright (C) 2016 Microsoft Corporation. All rights reserved.
</ServerVersion>
    <ObjectCounts>
      <DatabaseOptions>1</DatabaseOptions>
      <DefaultConstraint>5</DefaultConstraint>
      <ForeignKeyConstraint>6</ForeignKeyConstraint>
      <FullTextCatalog>1</FullTextCatalog>
      <FullTextIndex>5</FullTextIndex>
      <Index>53</Index>
      <PrimaryKeyConstraint>40</PrimaryKeyConstraint>
      <Procedure>4</Procedure>
      <Schema>1</Schema>
      <SimpleColumn>362</SimpleColumn>
      <SubroutineParameter>4</SubroutineParameter>
      <Table>45</Table>
    </ObjectCounts>
  </Server>
  <ExportStatistics>
    <SourceDatabaseSize>891272</SourceDatabaseSize>
    <TableRowCountTotalTag>352197</TableRowCountTotalTag>
  </ExportStatistics>
  <Checksums>
    <Checksum Uri="/model.xml">CB46CA438836FF091BE702F8B4D88A0B28FC07FC3101ACC528D8E4A813FB66B7</Checksum>
  </Checksums>
  <ModelSchemaVersion>2.6</ModelSchemaVersion>
</DacOrigin>